年度,通期
2024/03,https://irbank.net/E01737/
2023/03,https://irbank.net/E01737/081220230427554806/pl
2022/03,https://irbank.net/E01737/081220220428531246/pl
2021/03,https://irbank.net/E01737/081220210428402517/pl
2020/03,https://irbank.net/E01737/081220200526424476/pl
2019/03,https://irbank.net/E01737/081220190618456526/pl
2018/03,https://irbank.net/E01737/
2017/03,https://irbank.net/E01737/
2016/03,https://irbank.net/E01737/
2015/03,https://irbank.net/E01737/
2014/03,https://irbank.net/E01737/081220140414038285/pl
